0,judah53,Zigmund,Strosin,"7394 Dave Land Suite 370
Kulasshire, AZ 74966-0047",South Mellview,Colorado,69594,jstiedemann@bode.com
1,epfeffer,Thea,Green,"113 Hegmann Fall Suite 182
East Evertshire, OR 42907",Lizton,Hawaii,35757,kerluke.lucile@feil.net
2,kmckenzie,Dawne,Kirlin,"4233 Orin Mills
Abbeystad, FL 15627",Brittnayfurt,Vermont,20247-9169,zvandervort@yahoo.com
3,allisson.dietrich,Tyra,Mertz,"067 Devontae Isle Suite 944
New Vernellchester, MN 59322",South Evans,Georgia,60643,joshua56@gmail.com
4,phoebe66,Kristopher,King,"0952 Christeen Land
West Montel, AR 30553",Wilkinsonland,Vermont,77982,jakobe.rodriguez@hotmail.com
5,gorden37,Robbie,Hartmann,"787 Roxie Viaduct Suite 186
North Shep, VA 35793-7547",Port Aylinborough,WestVirginia,59277-5225,schowalter.demarion@gmail.com
6,diamond69,Corwin,Toy,"Unit 3172 Box 6273
DPO AP 89474-6466",North Harlen,WestVirginia,80002,lehner.ida@beckerkoepp.com
7,shanon.lynch,Guy,Howell,"USS Lehner
FPO AA 85369-7445",New Kamyabury,Indiana,03322,tabetha.hodkiewicz@gmail.com
8,chayes,Oliver,Emmerich,"3661 Turner Route Suite 967
New Saint, WY 44851-0061",Port Kala,Oklahoma,98511,crona.emerson@kemmer.info
9,margarett86,Jaylynn,Gleason,"5014 Melodee Forges Apt. 628
Rayshawnton, MO 57651",Lake Golden,Tennessee,46965,lessie52@yahoo.com
10,ebbie49,Michial,Schulist,"0195 Stokes Pass Suite 240
Caronland, ID 13496-5393",New Ramonchester,Indiana,84892,mstokes@schmidtcarroll.info
11,borer.darian,Joell,Lynch,"954 Roseanne Crest Suite 718
Kearaburgh, NE 63516-6443",Echoberg,Indiana,36022,fleuschke@dibberthaag.info
12,norine.tremblay,Echo,Weber,"97819 Mayert Underpass Apt. 900
Marylinborough, NV 29109",Langoshmouth,Georgia,46778,klocko.lassie@hotmail.com
13,shayna.buckridge,Glenda,Predovic,"7981 Alferd Inlet Suite 386
North Tim, VI 67949",Leschchester,Arizona,80447-7903,schumm.alden@hotmail.com
14,syreeta.adams,Angelita,Walker,"3830 Zieme Tunnel Suite 769
Dibberthaven, AR 75781-3228",Tandyville,SouthDakota,03557-7880,hurley.lakin@yahoo.com
15,jarod.cruickshank,Delisa,Smitham,"20441 Gutkowski Ridge Apt. 325
East Kenleyhaven, WY 85729",Anabellaborough,Hawaii,69296-8244,dgreenholt@ziemehoppe.com
16,uwisozk,Gurney,Swaniawski,"5947 Daniel Hill
East Mac, AK 89920-3890",Yostfurt,SouthCarolina,49891-8976,dhintz@hotmail.com
17,bosco.audrianna,Bethzy,Jaskolski,"69819 Conroy Islands Suite 054
Hazlehaven, GU 93166-7732",Trantowchester,Michigan,82681,fjones@hotmail.com
18,georgia70,Akeelah,Rau,"7454 Hand Branch
East Arianaport, NE 64326-6052",Carinchester,Iowa,66153,blanchie85@ullrich.org
19,cesar.stracke,Sanaa,Grant,"0217 Gracelyn Estate
Mauromouth, PW 83102-3074",Joannahaven,Nevada,94182-8391,brinley.konopelski@mcglynn.com
20,grutherford,Wess,Bauch,"2698 Lucinda Creek
Port Ruthannside, CT 66417-1389",Skylarmouth,Montana,10833-9835,roberts.florencio@yahoo.com
21,mayer.aisha,Justice,Cremin,"918 Goldner Drive Suite 336
Cruickshankfort, AL 91883",Kutchborough,Illinois,16145,uwilderman@hotmail.com
22,hrenner,Caesar,Zulauf,"80530 Friesen Pines Apt. 479
Arlineberg, PR 45203-1563",McKenzieview,Colorado,58757,robel.lacey@oharawunsch.org
23,alvin.nolan,Dellar,Muller,"732 Hintz Meadow
West Kacie, WY 58810-1341",Tonyaview,Oregon,77297,tracey52@kub.com
24,glennis98,Andrae,Armstrong,"9788 Danelle Crossing Suite 941
Port Rebekah, KS 75849",Lake Shanitaton,Utah,70226-4998,mjones@ondricka.org
25,ira.bechtelar,Celestino,Toy,"365 Ryley Drive
Tevinborough, ME 08574-4793",Beecherfort,RhodeIsland,01538,bkoch@gmail.com
26,hessie70,Clarice,Treutel,"24358 Lehner Rapid
Kiarrahaven, SC 89863",Abshireburgh,Nevada,35926,pstanton@hotmail.com
27,balistreri.ritchie,Almus,Lemke,"30982 Kuvalis Courts Apt. 702
Lockmanberg, WA 66847",South Lesley,Utah,32665-0860,rashida.mcclure@torphyokon.com
28,lind.malvina,Wayland,Goyette,"669 Kulas Court
Marvinbury, TX 20106",Darvinton,California,24810,celeste.witting@sawayn.info
29,schaden.allan,Fleet,Leuschke,"78200 Shaquita Rapids Suite 581
South Santa, SD 44889-7011",Lake Karyn,Vermont,78246-9513,adalyn95@hotmail.com
30,hhomenick,Virgia,Ankunding,"7910 Aleah Fork
Port Laurel, WA 38867",East Rylan,Ohio,77694,shira13@hotmail.com
31,sherree.miller,Beverly,Beahan,"12553 Hoppe Prairie Apt. 409
Tommyfurt, DC 81168",East Kirbyshire,Missouri,28259,kihn.sunshine@yahoo.com
32,lacy.christiansen,Deandre,Gleason,"9676 Bartell Ridge
Reingerstad, NV 37942",South Goldentown,NewMexico,39245,ufranecki@leannonjohnson.biz
33,alang,Melton,Maggio,"6644 Bryton Springs
Kunzemouth, RI 01465-6091",Sergiohaven,Vermont,03851-0612,wilhelm44@gmail.com
34,annabelle.leuschke,Milburn,Farrell,"40185 Alexandrea Route Apt. 746
Lake Emmetton, CO 47575-6693",Tamiabury,Maryland,79724-2537,zboncak.dayami@murphy.biz
35,qzboncak,Gael,Lind,"7826 Yusuf Plaza Suite 612
East Cullenberg, PW 99126-9563",Port Arlethtown,Washington,30583-5416,bjones@hauck.com
36,effa02,Ossie,Strosin,"9837 Anne Mission
North Sloanefort, LA 06601",Olivaview,NewMexico,97981,johnpaul14@emmerichkuhic.org
37,dale50,Janie,Schiller,"0294 Willms View Apt. 037
East Kimberely, NJ 72754-2745",East Billy,NewHampshire,13459-8790,botsford.nevada@yahoo.com
38,tsteuber,Porsche,Leffler,"952 Carter Valley
Wolfborough, GA 26341-5340",Brileyport,Ohio,85026-2072,erykah65@gmail.com
39,elie60,Qiana,Homenick,"6497 Littel Fall
Langoshside, VT 95003-5720",Kyanmouth,SouthCarolina,87375,uhaag@hotmail.com
40,murray.luvenia,Cindy,Feest,"96151 Collins Street Apt. 044
Crooksside, SC 54657-3642",Ebertland,Arizona,31428,hagenes.tera@gmail.com
41,eathel.schuster,Inell,Gislason,"4142 Ethen Greens
Vernaborough, TN 34841-7690",Essieberg,Indiana,04899,msimonis@prosacco.com
42,kelis.cartwright,Dante,Schinner,"Unit 9740 Box 9346
DPO AP 93489",Port Kingstonburgh,Oregon,87851,flatley.alvia@hotmail.com
43,dominga.bogan,Adlai,Runolfsdottir,"0735 Adline Junction Suite 624
Albaport, HI 20351",Lake Duncanland,Mississippi,33036,aidyn.koelpin@hotmail.com
44,reva.goyette,Ira,Kilback,"795 Dola Street Suite 471
Millermouth, CO 58909-5563",North Floville,Kansas,18138-7609,rohan.kimberely@hegmanngreenfelder.net
45,mrunolfsson,Rodney,Heller,"610 Quitzon Cliff Apt. 795
South Marty, PR 91949-5760",New Dorthey,Virginia,21187-1878,rolanda83@gmail.com
46,jayden.simonis,Fulton,Koch,"PSC 9610, Box 4101
APO AE 61143-2385",Lake Gavyn,Nevada,51955-5321,shelia24@gmail.com
47,cal.streich,Kinte,Schaefer,"1555 Rath Forest Suite 680
Quitzonborough, CA 72633-2535",Affiemouth,SouthCarolina,74163-3576,germaine65@kautzer.org
48,evelynn24,Bettyjane,Haley,"Unit 9819 Box 0723
DPO AP 14921-0884",Homenickburgh,Utah,64961-5979,opagac@gmail.com
49,laila30,Efrem,Crona,"196 Aniya Station
Lemuelbury, ID 57883-0919",East Arlin,Colorado,73105-3194,spencer.madilynn@kochpadberg.com
50,demetrios20,Emett,Bogan,"49592 Leander Rapid Suite 882
Kenyashire, ND 04490",Zaydenberg,Alaska,08270-1728,kuvalis.hortencia@russel.net
51,kunze.carlie,Darien,Tromp,"2384 Maddison Pass
Jacobsside, AS 18525",West Conner,Virginia,49795,king.reta@emardmante.org
52,leuschke.oley,Corina,Graham,"08191 Tosha Fords
Lake Neha, WI 78548-9982",Port Doris,Nevada,12368,ronin53@hotmail.com
53,kurtis.price,Woody,Hammes,"05525 Parker Pine Apt. 900
South Pamellaview, AL 02960-6168",Gailside,Indiana,61918-3437,kling.lexis@robel.net
54,awaters,Memphis,Kreiger,"7397 Myrtle Run Suite 948
Grovehaven, NE 01147-1836",O'Keefefurt,NewJersey,03291,gusikowski.roxane@jakubowskioconnell.biz
55,dakota75,Norene,Bergnaum,"68880 Kreiger Hills Suite 315
East Edgar, IN 20611",New Leeroy,Missouri,63715-7278,mheller@gmail.com
56,bailey.kris,Devyn,Streich,"04456 Effertz Villages Apt. 748
Tanashire, NY 75928-5292",South Breonna,NorthCarolina,65466,tyler.cummerata@sawaynjacobs.com
57,hbednar,Odette,Zboncak,"118 Annemarie Bypass
Port Greg, AS 20878-7119",East Yulisamouth,Pennsylvania,32379-8519,douglas.beatriz@gaylord.com
58,corey.pfeffer,Charles,Powlowski,"9016 Fadel Ports Apt. 688
Hoegerfurt, DC 90740-8457",West Marielabury,California,98426,weaver14@rennerfunk.com
59,kihn.gilberto,Waverly,Ullrich,"6746 Larson Loaf Suite 926
South Falon, OK 10143",Groveview,NorthCarolina,25650-1909,ashtyn19@ziemanncremin.biz
60,marianna51,Emeline,Lemke,"8637 Mosciski Passage Apt. 226
Hudsonmouth, MH 38421",Mannville,NewMexico,67956,paul91@schowaltergorczany.net
61,jaqueline.bailey,Erlene,Hilll,"5574 Stamm Plains
Lake Kyleeburgh, UT 53905",West Jeroldbury,Washington,07205-9885,reichel.osie@hotmail.com
62,bettina71,Kaeden,Price,"833 Rice Pine
New Gennie, MP 15704",Cartwrightland,Illinois,08656,herman.merri@jenkins.com
63,yrowe,Ona,Waters,"588 Feeney Brook Suite 104
Colliermouth, DE 32210-9344",Vinaland,Hawaii,21019-2040,hcrist@barrows.com
64,dmante,Kassidy,Rosenbaum,"9768 Emilia Flat Apt. 064
Lake Ima, WI 23909",Jasmyneview,Maryland,62303-2251,marcella49@gmail.com
65,ora.vandervort,Aimee,Cormier,"6266 Deshawn Junction
New Evelinchester, LA 70011",Swaniawskiview,NewMexico,91347,ortiz.letitia@yahoo.com
66,xhaag,London,Cruickshank,"7421 Daquan Loop Suite 044
DuBuqueport, NC 66325",Fisherburgh,Mississippi,84740-4021,jonah.kerluke@gmail.com
67,lavona79,Dena,Rosenbaum,"7398 Ziemann Hollow Suite 145
New Agnesview, WI 25851-1576",Lake Tildabury,Oklahoma,56654-8775,drempel@shieldshodkiewicz.info
68,ikrajcik,Farrah,Zemlak,"448 Hettinger Stream
North Olinechester, MO 22298",Arrieshire,Illinois,39750,ybauch@auer.com
69,ujaskolski,Sammie,Hermann,"447 Fahey Prairie Suite 530
New Anicehaven, NM 66919",East Lisha,Oklahoma,04688-2230,boyle.ophelia@gmail.com
70,rmoore,Monna,Kemmer,"11632 Britta Ramp Apt. 588
West Verlene, GU 27274",Bergeborough,Wyoming,79320,llang@gmail.com
71,pollich.crysta,Barnie,Harvey,"48088 Isabela Summit Suite 992
Bernierburgh, PW 95168",East Macymouth,Maine,16235-5830,hbradtke@hotmail.com
72,padberg.tonja,Edw,Herzog,"6015 Streich Causeway Apt. 623
Stanislausborough, AL 20083",Johnsville,Maryland,49165,amiller@blanda.com
73,toshiko.medhurst,Tyshawn,Cremin,"4660 Noah Islands Suite 636
Orlofort, MT 60190-3992",North Liberty,Hawaii,82840-4613,hartmann.lou@hotmail.com
74,ilona.nader,Melinda,Mayer,"896 Shonda Ways
North Zadie, WI 35384",West Colbyport,SouthDakota,10014,emmer.wuckert@yahoo.com
75,gia.gaylord,Erving,Rippin,"6120 Stehr Manors Suite 756
South Albertinaborough, TN 62106-4031",New Ernie,Oregon,04542,pprohaska@wolfbins.net
76,merl.okeefe,Torrey,Watsica,"822 Gibson Rapids Suite 084
West Eden, TX 10121-4159",South Lynne,SouthDakota,85257,bmarvin@hotmail.com
77,camron.kuhic,Winifred,Lind,"435 Orville Ville
Hickleton, CT 22517",New Shellie,Delaware,91866-6340,jacoby72@yahoo.com
78,jelani76,Flo,Franecki,"381 Gleichner Ranch
South Zionville, MS 34349-4589",New Linaton,Ohio,19374,tcrooks@gmail.com
79,lsanford,Anderson,Kirlin,"USNS Zieme
FPO AE 51266-3515",Port Michial,Kentucky,82283-7734,brakus.bart@lemke.com
80,zkunde,Marquita,Christiansen,"90681 Gerry Gardens Suite 278
Linastad, MI 33307",Walterborough,Oklahoma,98646-1766,lueilwitz.shanell@yahoo.com
81,nobie.nicolas,Leopold,Kris,"269 Luigi Passage Apt. 149
Reeceville, HI 47923-2488",Autumnhaven,Maryland,61965,dejon.schowalter@hotmail.com
82,evelyn45,Kimora,Lowe,"02588 Elder Station Apt. 935
Randallmouth, WI 70874-3538",Abernathyborough,Iowa,47718,darlene31@yahoo.com
83,debi.okuneva,Nanna,Gutkowski,"930 Romaine Rapids
Maggioport, MN 36973-8627",Framiton,Iowa,79278,pkutch@huel.net
84,lia87,Piper,Medhurst,"8028 Mima Manor
West Crissie, VT 97472",East Nikhil,Pennsylvania,03742-9083,aliya56@schmelerlindgren.org
85,louella.price,Raelynn,Kuhn,"58134 Simonis Creek Apt. 087
South Rickeystad, IL 80221",East Vashtiton,Washington,84458,sklein@hotmail.com
86,mayo03,Star,Hettinger,"64022 Kassulke Vista Suite 029
New Anjelica, NV 99143-2823",East Kathaleen,Oregon,30595,michael.murphy@yahoo.com
87,jharris,Albertine,Waelchi,"596 Oakley Vista Suite 846
North Brain, OH 33778-5131",New Cherrelle,California,95094,georgiann32@hotmail.com
88,keandre98,Sylvan,Kuhlman,"22599 Mraz Spurs Suite 826
New Itzel, AK 27440-0814",Tamathatown,Mississippi,75949,kathie05@gmail.com
89,parker.brooke,Jayme,Wiegand,"35376 Jovan Extension Suite 515
West Sophia, VT 65810",Lake Shawnte,Arkansas,67069,wsanford@gmail.com
90,marla.pfannerstill,Leighton,Goodwin,"26167 Johnston Spurs Apt. 961
Herminaview, MP 61661",Christianaside,Louisiana,14403,nathan73@hotmail.com
91,brien.paucek,Ernesto,Jast,"26700 Joanie View
Porshashire, PW 21901-4190",East Chandra,Wisconsin,89315,thiel.clemmie@feilboehm.net
92,schamberger.virgel,Sidney,Lebsack,"Unit 7155 Box 6341
DPO AE 37161-1555",Haseltown,Maryland,36452,ustoltenberg@gleason.net
93,tmurray,Venice,Raynor,"4728 Altenwerth Turnpike
Reichelbury, MO 94262-4785",Fayview,Alaska,20828,kelcie.rippin@kochkub.com
94,xavier.kirlin,Audrianna,Gutkowski,"137 Turner Gateway
Windlerport, WV 51997",South Myerland,Oregon,68716,chanda.emmerich@hotmail.com
95,jaxon.lesch,Georgie,Rath,"817 Keli Inlet
Wardmouth, PR 80161-7177",New Mozell,NorthCarolina,85292-1340,qhalvorson@barrows.info
96,lillianna.dooley,Lyle,Predovic,"4230 Charla Mountains Apt. 356
Ishaanland, CO 67401",Deyanirafurt,Arizona,67672,treutel.kaley@nienow.com
97,marni43,Louie,Reichel,"USS Tromp
FPO AE 72269-4339",Hoppestad,Missouri,31585,jaime41@mayerschneider.com
98,amberly95,Glenn,Rempel,"14664 Pouros Ports
Schuliststad, MT 57086",Sandiehaven,Washington,24246-1576,kling.illa@yahoo.com
99,taya75,Roxy,Langworth,"25503 Hintz Rue
Rennerhaven, TN 47244",Ericton,NewJersey,09844-6996,mcglynn.colie@gulgowskinader.info
100,rwisozk,Dick,Gleichner,"913 Daryle Ford Suite 239
East Willene, PR 95448-6705",Katherinport,Idaho,46570,otto74@lubowitzreichert.info
101,jwolf,Willie,Raynor,"885 Darron Key
New Izettaview, IN 82159",North Menachemtown,Vermont,96284,lutie.gibson@yahoo.com
102,aliana.crooks,Linette,Johnson,"1280 Brekke Point Suite 459
Mrazstad, ND 20851",New Terance,Maine,20509,classie21@gutmann.com
103,cchamplin,Cameron,Keebler,"5966 Pauline Mills
Mrazport, TN 29331",Port Rosellaland,Wyoming,81664,wilhelmine57@ferry.com
104,boyer.eola,Eldred,Swift,"35479 Murray Flats Apt. 613
North Eolaside, DE 93748",West Deshaun,Idaho,75032-1019,houston75@hoeger.com
105,sheyla51,Sebrina,Padberg,"76196 Effertz Manors
North Malik, GU 90095-3621",Yulianabury,Kansas,30199,altie.kessler@yahoo.com
106,von.verona,Charlize,Johns,"04058 Ilah Roads Apt. 544
Arlynhaven, MS 25684",South Margarett,Arizona,47314-1351,cristobal.schmeler@gmail.com
107,considine.michal,Mikhail,Prohaska,"0537 Durward Rest Suite 374
Kleinland, IA 28171-4030",Lindseyton,Missouri,78763,champlin.geoff@hahnmclaughlin.org
108,rebekah.klein,Saniyah,Rogahn,"74959 Ardis Dale
North Alexzandermouth, NM 84509-9510",East Macville,NewMexico,23405,hjaskolski@yahoo.com
109,qjacobson,Kathyrn,Thompson,"USNV Zulauf
FPO AA 60781-0670",North Branchport,Florida,31110-5679,uquigley@yahoo.com
110,iziemann,Sage,Cartwright,"21943 Rath Branch
Shaunaton, NV 86507-8766",New Kylenefurt,Arizona,33801-3512,vonnie74@monahan.info
111,auer.floyd,Kecia,Kunde,"976 Rohan Springs
Othastad, KS 15323-6778",New Ottilia,Louisiana,96465,lanita.ryan@hotmail.com
112,stark.germaine,Liana,Ward,"95180 Swift Trace Apt. 886
East Tarik, WA 69049",North Lanitaberg,NewYork,65879-0534,ugibson@cremin.com
113,jan45,Eddie,Dibbert,"059 Steuber Isle Apt. 090
Lake Ottoport, OK 29415",East Caidenland,Utah,92074-7322,osinski.isidro@dickisporer.com
114,ksteuber,Paula,Goldner,"8395 Lamont Groves Suite 099
Stephenieview, SC 53143-6340",New Denita,NewMexico,64820-2108,tess43@gmail.com
115,allyson.wiegand,Deforest,Brekke,"25259 Saige Highway
Lake Henrychester, RI 89980",New Calhounburgh,Maine,03647,tremaine99@towne.info
116,ngraham,Robbie,Weissnat,"PSC 5053, Box 3908
APO AA 41544-5156",Schummstad,Kentucky,24691,caryl30@stokes.org
117,roena13,Egbert,Kilback,"PSC 6286, Box 1238
APO AE 10810",Oberbrunnerside,Montana,28496,jeffie.jerde@kulas.biz
118,alby37,Sophronia,Mayer,"Unit 9425 Box 8918
DPO AP 37885",Port Santana,Tennessee,51416-3951,rath.zoa@yahoo.com
119,claud42,Lorenza,Muller,"088 Vickie Green Suite 232
Ziemestad, VA 37501",Starkbury,SouthCarolina,06996-9788,auguste.oreilly@yahoo.com
120,jamil80,Dillie,Larson,"PSC 9201, Box 2799
APO AP 62493-3187",Boganberg,Alaska,73812-6736,mcdermott.carmel@greenfelder.info
121,bins.shani,Moshe,Hane,"675 Dortha Lakes
Antoniatown, AR 38149-9410",New Rigobertoview,Georgia,56109,raina.kub@treutel.info
122,thiel.odell,Arly,McLaughlin,"06658 Schmeler Shoals Suite 683
Wuckertmouth, VT 16703",Mitchellview,Kentucky,96201,allisson66@auerhermann.com
123,bashirian.shaquan,Marleen,Thompson,"90934 Corie Club
New Meghan, KY 39505-8037",West Britanyberg,Vermont,08152,torp.taina@yahoo.com
124,jammie.aufderhar,Byron,McLaughlin,"3134 Lawerence Forge Apt. 625
Malindaburgh, SD 98607-2935",North Odile,Maine,40857-7978,fwilliamson@yahoo.com
125,nblock,Emilie,Labadie,"6903 Kessler Shoal
Jewessview, AS 19245-9049",Halseyport,Alaska,41524,ebernier@hotmail.com
126,tarsha76,Inez,Carter,"63413 Metz Station Apt. 306
Hoppeburgh, WA 15674",West Fatehaven,SouthCarolina,19442,roena83@hotmail.com
127,cmraz,Dianne,Schaden,"USNV Dickens
FPO AP 22906-4231",Annershire,Vermont,98870-0248,gladys56@yost.com
128,suzanne67,Marty,Gibson,"10104 Barnie Lock
Lake Wilson, AL 34194-5872",Torphyfort,Utah,92650,finley.schroeder@orn.com
129,dena.cassin,Nelda,Schuster,"06971 Russel Haven Suite 489
Koeppton, OK 43232-7105",Sybillaton,Oregon,97728-8112,dickinson.victorine@hotmail.com
130,kayson.blick,Opha,Deckow,"6251 Dequan Brooks
West Norbert, FL 29408-3647",North Jovita,SouthDakota,42365,clemmie97@hotmail.com
131,duff.goldner,Emmons,Considine,"15688 Fadel Forges
Lake Hopeborough, DC 26506",West Kaylatown,NorthDakota,45467-2262,lhodkiewicz@schaden.biz
132,elyssa16,Carsen,Tremblay,"94881 Kenya Haven Suite 672
Eichmannmouth, CT 38581",North Kariemouth,SouthDakota,10834-7798,kamron00@yahoo.com
133,mitchell.farrell,Channing,Prosacco,"991 Skiles Plain Suite 516
West Springmouth, CT 61871",Lake Glennie,Colorado,30870-5909,morar.benita@gmail.com
134,tyree14,Marsh,Kutch,"06105 McGlynn Views
Giovannyton, MS 86054",Port Blake,Missouri,58665-4783,fadel.emanuel@hotmail.com
135,eframi,Trula,Mante,"759 Leatrice Haven
Lake Shay, UT 06818-8441",New Farris,Kentucky,52694,rschmidt@breitenberg.com
136,kian.predovic,Darleen,Hayes,"122 Denesik Knolls Suite 461
Port Deshaunshire, SC 23699",Jacobsonchester,Louisiana,40489-2614,ocartwright@feil.net
137,spencer.normand,Michaela,Metz,"6291 Medhurst Mountain
Arturoberg, NH 18612",West Arahfurt,Iowa,40234-9545,hilma50@hotmail.com
138,malinda.kris,Delaney,Roberts,"USNV Terry
FPO AE 75769",Lake Cruz,NewJersey,76356-0470,yyost@eichmannschoen.com
139,ann64,Leta,Jacobson,"23983 Anissa Lake
Alexandemouth, WY 04232-2337",Murphyburgh,Massachusetts,31345,deegan.oreilly@hotmail.com
140,borer.emelie,Viridiana,Gleichner,"3368 Shields Tunnel Apt. 835
Port Cassidy, IL 69021-2020",East Axelburgh,Kentucky,29437-6404,hackett.shanda@yahoo.com
141,nwatsica,Sudie,Rau,"7441 Crooks Ferry Suite 952
East Margarethaville, RI 10988-2909",West Sadefurt,Florida,25660,bquitzon@hahnpouros.com
142,adonis.moore,Hope,Lockman,"23401 Larson Harbors Apt. 185
Valberg, VA 66412",Dickinsonville,Arkansas,38855-9086,yundt.dosha@schmittnader.org
143,cmaggio,Chandra,Keeling,"128 Friesen Shoal Suite 598
Zulaufstad, NY 87346-1684",Rempelshire,Maine,17090,esco.dickinson@bogan.biz
144,geno94,Loy,Bartell,"22740 Metro Parkway Apt. 246
North Rafaelaside, PW 64466",East Dagmar,Alaska,40389,cristopher09@lockman.com
145,hahn.mora,Evonne,D'Amore,"191 Devaughn Mill
Brandonton, RI 08533",Lake Verniaside,NorthCarolina,65479,consuelo54@kautzer.com
146,ena.kutch,Chelsi,Kovacek,"1134 Schinner Haven Suite 805
East Jakobtown, WA 79697",South Haywardport,Texas,84901-3947,dewey.farrell@kulas.net
147,mayert.tessie,Vilma,Fadel,"9073 Blanch Lodge Suite 766
North Shaunhaven, SD 88812",Suzettefort,Minnesota,27362-8711,jward@wilkinson.com
148,yundt.carleen,Dannie,Adams,"58037 Latarsha Ford
Kreigerstad, OK 35227",Port Nunzioton,Vermont,50110,turner.delmar@sporerbednar.net
149,leonel76,Katelin,Spinka,"33585 Balistreri Inlet Apt. 104
South Wanda, RI 89110-5849",Port Donnyton,Virginia,19952,santiago98@schmeler.org
150,richelle88,Maliah,Huel,"487 Block Road
New Elianna, OK 24030-8494",Romagueraside,Alabama,56627-2814,oconnell.jeanna@yahoo.com
151,romeo.stokes,Maura,Marks,"253 Bahringer Valley
Leeroybury, ME 03190-4753",Port Darryberg,Oklahoma,25058,joeseph.reichert@gmail.com
152,eabbott,Vonetta,Murray,"68011 Malorie Vista Suite 054
Haagmouth, CO 53988-9335",South Counciltown,Arkansas,20128,xpollich@gmail.com
153,lhane,Averie,Johns,"83867 Addyson Summit Suite 698
Maverickborough, TX 88078-3248",Port Litzy,Michigan,04237-5488,juliann.buckridge@feil.net
154,jayne91,Zoie,Fadel,"788 Sondra Rue
West Lota, IL 36152",North Estellside,Vermont,23780,ngutmann@hotmail.com
155,esanford,Renae,Hegmann,"05103 Hart Village
East Malia, NV 78742-2160",Edwinastad,Idaho,58403,huldah.schmidt@swiftbrown.com
156,ophelia.lowe,Fern,Kunze,"310 Stanton Brooks
Hickletown, OR 41240",Mitchellview,Tennessee,33965,hessel.alphonso@yahoo.com
157,glockman,Eugene,West,"00390 Torrie Unions Apt. 031
New Adlaiville, UT 05791-4855",Port Shanemouth,Virginia,90183-8128,justyn41@jacobson.com
158,hirthe.lawson,Dedrick,Mueller,"61438 Palmer Hill Suite 303
Port Mariana, PA 85300",McGlynnshire,Maryland,37218-6876,okovacek@yahoo.com
159,sing19,Ishaan,Kshlerin,"PSC 3835, Box 0878
APO AP 35606-7425",Lake Kash,Kentucky,61567,walker.migdalia@mrazgleason.com
160,dusty.wyman,Tobin,Lubowitz,"4589 Turcotte Bridge Suite 664
New Danna, ME 68110-6243",Lake Beadiemouth,Washington,15789-6141,schultz.allisson@macejkovic.info
161,schultz.eleanore,Hobson,Mosciski,"73975 Brekke Branch Apt. 656
Corinneborough, AR 66378",South Grayce,Oklahoma,96679-0154,qzemlak@hotmail.com
162,jgoodwin,Shae,Funk,"6859 Bauch Mountain
South Rashidatown, TN 63770",Port Bird,Vermont,35615-6152,daniel.robin@reichel.com
163,yhuels,Dorris,Dietrich,"Unit 8706 Box 1931
DPO AP 13074-1952",West Tyron,Arizona,47161,pouros.brain@gmail.com
164,quitzon.rush,Brandy,Brekke,"3610 Odell Parkway Suite 591
South Cappiefurt, ID 45699",Hoegershire,Maryland,30610-7825,brekke.colette@cartwright.biz
165,ddaniel,Pierce,Larson,"25031 Robel Passage Suite 459
Esleyfurt, DC 24250-2595",Yundtbury,Mississippi,36095-7602,marland88@gmail.com
166,johnston.garett,Alivia,Wilderman,"61509 Davey Lock Suite 867
New Seldonchester, MH 79882",West Esmeraldaville,NorthDakota,60670-1460,eda24@yahoo.com
167,dalia72,Loula,Oberbrunner,"29550 Lemke Throughway Apt. 461
South Micah, OH 00589",North Lelarfort,NewJersey,48957-8613,mayert.orval@yahoo.com
168,bmarks,Marcelino,McLaughlin,"2409 Charlton Meadow
Leannonhaven, UT 98846-7692",Lilliamouth,Indiana,41337-3093,jonna30@hotmail.com
169,brisa11,Skyler,Sporer,"92728 Teagan Turnpike Apt. 415
Torpshire, VT 35654",Okunevaberg,NewJersey,61718-8197,delta69@gmail.com
170,krajcik.dahlia,Bobbie,Haley,"3567 Tremblay Centers Suite 631
Rheaview, MO 78214",West Gwyneth,Idaho,23897-0061,tana.mckenzie@gmail.com
171,raymundo.klein,Migdalia,Emard,"USNS Jacobson
FPO AA 05117-6942",South Kylah,Washington,95856-9143,fwaters@hotmail.com
172,crist.autumn,Marla,Christiansen,"05523 Juana Villages Apt. 589
East Ason, AS 53560-7787",South Brianda,Pennsylvania,60654,parisian.elisha@hotmail.com
173,chancey.sporer,Millicent,Hamill,"4472 Weimann Walk Suite 717
North Rosalindbury, MD 35128",Lake Zaratown,Alabama,15707-0561,xkilback@davisblanda.com
174,nwest,Greg,Berge,"PSC 0753, Box 5686
APO AE 60923-0146",Conchafort,Oklahoma,44677,eusebio07@quitzonwolff.com
175,ossie.fisher,Jami,Deckow,"11080 Maximus Heights Suite 003
Hillschester, SC 71632",Port Matton,NewMexico,04749,mitchell.brenden@hotmail.com
176,aharris,Lavina,Deckow,"57134 Goodwin Mountains Suite 127
South Leviemouth, WY 60820-1908",North Vernefort,Indiana,64832-4059,delano99@gmail.com
177,ashanti.frami,Marcell,Kozey,"8169 Botsford Trace
Lake Gaylon, OK 14930-4640",Port Firman,Maine,27552-6144,kihn.leonidas@yahoo.com
178,zboncak.clem,Nolen,Lindgren,"9114 Freda Forks
Kshlerinhaven, IA 38137-8673",Port Alanzo,Nebraska,52625-9116,feffertz@gmail.com
179,brogan41,Ivey,Schowalter,"9972 Nelie Cape Suite 204
Mannburgh, WI 28272",Lake Miraborough,Delaware,98768-7888,shannon33@konopelskibosco.org
180,sharlene.leannon,Laila,O'Connell,"190 Gibson Mount Apt. 951
South Levin, OH 24224",West Eldora,California,85498-3380,khloe41@hotmail.com
181,mclaughlin.frederick,Raven,Corkery,"812 Leannon Lodge
South Keandretown, MN 82008",North Yaretzi,Utah,23351-1261,nikki36@dooleylemke.com
182,trena.trantow,Franklin,Sawayn,"634 Darla Knolls Suite 839
Virgilside, IL 68552",Kuphalshire,Arkansas,97858-9888,daugherty.everette@pollichprice.com
183,zemlak.lavona,Luke,Strosin,"2662 Dalvin Cove Suite 221
South Rosemarie, ND 14109",Feestburgh,RhodeIsland,69209,itorphy@yahoo.com
184,mammie.dubuque,Welton,Bernhard,"7402 Deion Parks
Port Maud, NE 18136-8760",New Debbishire,Oklahoma,24833-2919,patti25@crooksbatz.com
185,daijah74,Lavern,Turner,"75560 Golden Burg Apt. 926
East Tamia, PR 28893",Nyasiahaven,NewJersey,49794,coralie.rath@gislasonmante.com
186,eleanora19,Jaylen,Gerlach,"22587 Williamson Inlet Apt. 696
Port Velia, ID 45591-4183",North Winona,NewMexico,17916,wfarrell@yahoo.com
187,namon45,Erick,Hills,"54879 Jayme Corner
Port Annabella, IL 84035",New Lorene,Nebraska,40335-5739,demetrios71@gmail.com
188,ian68,Dedrick,Shanahan,"353 McClure Dam
Reynoldsmouth, MN 88287",Marvelland,Indiana,60714-9250,melvyn.gulgowski@muellerbreitenberg.info
189,lucero45,Eliga,Auer,"281 Lavonda Row
New Kennytown, GA 86421-5587",West Giadahaven,Hawaii,07172-8804,gee65@hotmail.com
190,crist.charlee,Jo,Borer,"0198 Klein Mission
South Jaylin, MS 33270-6826",Lake Shanequa,Oklahoma,06237-6732,nikita55@yahoo.com
191,witting.giovanni,Lydia,McClure,"8799 Kasey Expressway
West Teddyport, AL 27281-6204",Shemarfurt,Georgia,20547,hickle.connie@eichmann.com
192,yschmeler,Kenna,Ebert,"831 Lesa Ports
Estelside, TX 64617",Algiechester,Washington,62795-9855,abbott.coralie@langworth.org
193,ygleason,Elmira,McCullough,"5829 Donato Wells
Marshshire, AR 46762-5650",O'Keefehaven,Connecticut,62833-0441,adele04@feest.info
194,steuber.yvonne,Wellington,Stracke,"13998 Kunze Corner Apt. 288
Carrolhaven, WI 59604-7332",East Elenorhaven,Arizona,28419,saige.luettgen@hotmail.com
195,morar.pauletta,Denton,Runolfsson,"2872 Donnelly Hill
Hubertmouth, LA 17110-3725",Hayesland,NewHampshire,58098,rau.lynette@fisherboehm.biz
196,wcartwright,Reinaldo,Reichel,"41357 Quitzon Plaza Suite 802
Gilmanmouth, RI 41984-1843",East Vernie,Oregon,16633,goodwin.gretta@yahoo.com
197,areilly,Caylee,Lemke,"16530 Ramsey Manor Apt. 286
Lake Miner, KY 43607-3575",North Joellen,Kansas,32682-1094,lehner.rayan@wuckertstanton.com
198,janelle.goldner,Bennie,Smitham,"229 Mannie Locks
Edrastad, MA 23681-7964",North Normandfort,Utah,78718-1821,rosanna03@lindgrenkoelpin.com
199,ulises.yost,Buna,Feeney,"83344 Talan Trafficway Suite 346
Juanside, SC 45091",Lake Henry,Kansas,80747,jaxon.fritsch@grahamschumm.com
200,bruen.ari,Margarett,Olson,"4118 Pouros Prairie Apt. 641
South Roccobury, DE 05028",Nitzscheville,Pennsylvania,49337,burnie.rempel@hessel.com
201,lulah44,Iris,Predovic,"USNS Hills
FPO AP 05268",Port Kelleeshire,Nevada,02268-5191,balistreri.enola@gmail.com
202,doug96,Raiden,Watsica,"PSC 5287, Box 7704
APO AP 61004-7241",New Tinamouth,NewJersey,81315,alwina.willms@boehm.com
203,benita.rice,Karla,Dickinson,"583 Arlo Extensions Apt. 843
East Rose, NH 85091-8815",Pearlatown,RhodeIsland,49628-8319,gearld43@walker.com
204,mgrant,Omari,Auer,"24263 Yost Villages
Danieleport, NC 38311-1393",Fayland,Montana,53136-3515,ahane@hotmail.com
205,jacquelyn.heller,Sonja,Smith,"88428 Heller Haven Suite 058
Jennifferville, MA 66991",Dachfort,Montana,98833,reyna.prohaska@frami.com
206,zhahn,Ofelia,Wilkinson,"93266 Bartell Island
Alecfurt, WA 22944-6149",Stiedemannside,Nebraska,12624,gleason.lurena@gmail.com
207,brea41,Verla,Langworth,"94364 Donia Points Suite 368
Hansenview, OR 17372-8313",South Vidal,Indiana,26773,koen.hane@yahoo.com
208,artis05,Susan,Shields,"973 Helga Views
Rathton, NC 84856",Zboncakmouth,Delaware,40386-3183,kihn.giuseppe@quigley.com
209,geo.bauch,Falon,Sipes,"2821 Reynold Grove Apt. 880
Port Vincenzo, PA 20213",Kerimouth,Arkansas,48714-3747,colette.pouros@gmail.com
210,krau,Garnet,Gutkowski,"44042 Larkin Green
Mallorieburgh, CT 04423-7815",Port Tammi,Nebraska,74266,zroberts@hotmail.com
211,ystokes,Hartwell,Oberbrunner,"13699 Schmidt Lakes
New Tristin, NE 00404",Fernetown,RhodeIsland,10933,reichert.conrad@yahoo.com
212,migdalia.crist,Marsh,Schmidt,"00755 O'Hara Ramp
Lefflerfort, MD 01724",Teenamouth,Maryland,37350-8287,ignatius21@yahoo.com
213,thompson.elroy,Shonna,Langosh,"462 Gulgowski Ridges
South Evelenaville, CA 85408",Lilliannaborough,Ohio,32180-9100,courtland.kulas@wintheiser.org
214,karolyn.will,Sarina,Carroll,"859 White Walks
Makenachester, WA 98343",Reginalberg,Maine,57340,zieme.marquis@yahoo.com
215,schimmel.evita,Ulysses,Block,"4090 Chloe Walks
Leonardoville, NM 56677",South Dwyane,NewJersey,73924-3204,cormier.caydence@yahoo.com
216,mcrooks,Torrie,Kilback,"04528 Gusikowski Mountains
Beerville, IL 63466-0650",Handmouth,Alaska,02450-1222,xgreenholt@gmail.com
217,muller.tyrese,Olen,Kuhic,"68039 Karla Ways Suite 035
Rutherfordland, NJ 97053-9765",Zigmundshire,Michigan,25094-5114,xluettgen@gmail.com
218,anton15,Nikko,Walter,"1071 Lolla Green
Port Levern, NY 59716-2159",Port Cherie,Virginia,70133-4771,alexandr.labadie@yahoo.com
219,murphy.viva,Lossie,Weber,"5407 Rau Estates Suite 941
South Alizestad, PA 57664-5157",Lake Kellenport,Florida,34549,roreilly@hotmail.com
220,bauch.dedric,Berton,Rolfson,"7019 Kennedy Divide
New Lettamouth, KS 49121",Mackenzieshire,Ohio,42778,marvin.jenifer@bayer.net
221,laci49,Elaina,Wiza,"140 Naomi Road Suite 665
East Oralmouth, OR 72814",West Orionbury,Alaska,33793,pandora.kris@strosinterry.net
222,heidenreich.cyrus,Stella,Kling,"186 Abby Mills Apt. 844
Algotland, CT 81472",Port Jazlyntown,Idaho,17403-5329,njacobson@gleichner.com
223,wally38,Orvil,Orn,"915 Klein Road Suite 309
Kassidytown, FM 52373-6576",Nolanshire,Hawaii,56256-6506,deward.cummings@hotmail.com
224,afahey,Taj,Kassulke,"08006 Tess Valleys Suite 509
North Ardenfort, MA 04139",Lake Kecia,Idaho,36160,mcglynn.alexina@yahoo.com
225,schuppe.rufus,Trena,Hoeger,"376 Strosin Glens
Port Darriantown, NH 78951",Zboncakton,Georgia,46385-6372,zfeeney@bednarbergstrom.com
226,foster.gerlach,Rudolfo,Gerlach,"81947 Wunsch Branch
South Roseanne, WV 82435-3624",New Shannon,NewHampshire,62342,lesley05@davis.biz
227,volkman.myles,Amber,Johnson,"489 Kattie Row Suite 998
Jossieport, MH 14806",Kovacekhaven,Idaho,35201-3072,emilie.kub@breitenberg.com
228,mollie85,Walker,Yost,"64037 Jaskolski Manor Suite 273
New Antoineton, OR 81391",Etnashire,Florida,03669,tschuster@gulgowski.com
229,zwisozk,Barbie,Bode,"848 Gerry Hills
Lisaview, AS 84991",West Jorja,NewJersey,11114,kvandervort@yahoo.com
230,lhilll,Ammon,Runolfsdottir,"50444 Parker Ville
Rikkiland, NC 82532-8749",Cartwrightbury,Minnesota,07792,martika.rolfson@hotmail.com
231,sanford.payton,Janiah,Jakubowski,"20554 Sherwin Wall
Strosinchester, NC 09185-7898",East Maliashire,Delaware,86066-0567,rollo67@schumm.net
232,virgia84,Venice,Turner,"6970 Lind Manors Apt. 543
Satterfieldport, TN 31180-4705",Port Ozellville,Wisconsin,57427-9440,vaughn.dooley@connelly.info
233,baby.grimes,Esley,Morar,"02079 McClure Viaduct
Lake Hallie, NY 69478-9667",Elzymouth,RhodeIsland,31926-6343,benton08@yahoo.com
234,glittle,Eduardo,Sporer,"5752 Ward Ville Suite 495
Orillahaven, WA 12325",Biancahaven,Florida,66730-1362,fay.suzette@sauer.info
235,schamberger.opha,Hurley,Zieme,"USNV Mueller
FPO AE 72958",Osinskichester,Alaska,44787-4052,karon.runolfsdottir@hotmail.com
236,plakin,Amey,Reynolds,"71389 Diandra Vista
Wittingstad, VA 00858",New Pearlenefurt,Pennsylvania,25872-5952,bradtke.kalene@gmail.com
237,streich.joel,Charlotte,Kulas,"033 Genevieve Villages
Wavaview, CO 21261-9589",Smithside,NewHampshire,14352,raymundo98@yahoo.com
238,murray.alden,Algie,Kertzmann,"USS Lockman
FPO AP 62656-2831",Cedricside,WestVirginia,92854-7571,alyssa.predovic@wolffboehm.com
239,bilal.roob,Dorman,Walter,"629 Hoppe Route
New Courtney, OH 39669-3817",Buenaville,Mississippi,55305-7201,xschumm@hotmail.com
240,denice.dibbert,Elwyn,Hagenes,"553 Blair Road Suite 570
Port Lassie, WY 72777",Wizamouth,Florida,68004-5568,milly.fritsch@beer.com
241,daryn.adams,Joette,Kris,"058 Ellery Mill
New Winnieview, IL 67979",South Felicitas,NewJersey,32686-1006,doris.howell@bashirian.net
242,erline92,Hideo,Kessler,"0677 Harber Fords
Port Hernanton, IL 60676",South Burk,Michigan,80443,damon.jenkins@hane.com
243,cormier.shelli,Nikia,Waters,"83953 Swift Club
Orrischester, TX 95592-5613",West Emilio,Michigan,77408,cora96@bins.com
244,arden87,Cody,Hills,"43678 Lakeisha Wells
Lake Celestinoside, WV 33989",Kochshire,Ohio,38612,sgorczany@durganmosciski.com
245,stevan09,Mattie,Schumm,"79650 Simonis Mount Suite 644
Walterfurt, MP 80623",New Lorayneview,California,97285-2918,maddison.adams@carroll.com
246,kennth.hessel,Sherrill,Hand,"216 Jenkins Pike
New Levi, SC 24952",North Renita,Connecticut,74761-2464,kris.grimes@ryanhaag.com
247,helena10,Arlie,O'Hara,"Unit 5046 Box 9448
DPO AA 14165",Wildermanland,Iowa,82177,hane.greg@yahoo.com
248,tyshawn66,Haywood,Russel,"60206 Attilio Harbor Suite 386
Lake Elvina, NV 77794",New Sunnyburgh,Utah,70530-8792,zgreenfelder@yahoo.com
249,darryll.labadie,Gianni,Emard,"PSC 9408, Box 8009
APO AE 76469-9124",Rolfsonmouth,Oregon,82534-1377,turcotte.kaylyn@rolfson.org
250,spinka.quinn,Trevion,Leffler,"0995 Farris Lakes
New Plesshire, NJ 53910-5778",West Delmerville,NorthCarolina,62402-9493,dijon.cole@gmail.com
251,gerri.waelchi,Almedia,Hills,"592 Breitenberg Ranch Apt. 870
Yehudafort, NE 54973",Schillerborough,Maryland,53739,vandervort.leonel@gmail.com
252,snolan,Cristopher,Stiedemann,"23203 Leontine Underpass Suite 160
Lake Lacy, KY 23283-3074",Amerigotown,NorthDakota,03733-7193,erna32@pfeffermante.net
253,lavon.lebsack,Darryl,Cummerata,"263 Schoen Port
Thurlowhaven, NE 43714",Seanmouth,Delaware,18620,jrutherford@fahey.com
254,mina54,Ada,Monahan,"991 O'Reilly Trace Suite 405
North Bonniechester, TN 91748",Joneston,Iowa,45616-8563,pkoss@dubuquebeahan.info
255,torp.vincenzo,Konner,Wilderman,"41775 Dicie Orchard
West Mozellaland, MN 62603",North Torianomouth,Ohio,57859-0109,princess.robel@turnerrogahn.com
256,monika38,Leigh,Trantow,"4340 Gislason Island
Mirandashire, ME 09119",Hettingerview,Pennsylvania,01428,bradtke.levar@ledner.biz
257,xkihn,Yaritza,Walker,"90782 Jazmyne Knolls Suite 957
McDermottmouth, VA 14651-1624",Grovetown,Connecticut,03978,caro.ebert@wisozkschoen.org
258,lueilwitz.beau,Jamie,Feil,"58838 Larson Station
South Rosann, ID 89649",North Jaminbury,Kentucky,46317,metz.corwin@hotmail.com
259,ferdman,Shaquan,Stokes,"4669 Maggio Mission Apt. 138
Terrellfurt, IL 79992-4640",East Deedee,Nevada,70710-6306,arvo11@yost.com
260,fbartell,Markita,Jacobs,"USNV Weissnat
FPO AA 44707",North Luverne,NewMexico,36731-1738,karli.barton@gmail.com
261,kilback.brannon,Kendal,Rau,"57949 Levie Prairie
Jerdemouth, IA 71106",Kuphalside,Iowa,00330-8389,dare.bertina@schmidt.info
262,babyboy.walter,Geoff,O'Connell,"37183 Flint Harbors
Lake Jeane, IA 42315-2578",West Trudieshire,Tennessee,41550,joella45@buckridge.org
263,bcruickshank,Burney,Legros,"73602 Maida Isle Apt. 533
Arronberg, OR 23613",Larkside,California,34374-7107,qsteuber@gmail.com
264,kayli.kirlin,Carlene,Maggio,"Unit 7905 Box 1903
DPO AE 38456",Pfannerstillbury,Georgia,50573,jenni47@reilly.com
265,srosenbaum,Burrel,Lubowitz,"479 Kerluke Club
New Kailey, KY 56329",Lake Lutie,Washington,93232,salomon36@gmail.com
266,kiel.little,Alcide,Johns,"4397 Amos Prairie Apt. 984
East Demetrios, IA 19355-1435",Port Merylmouth,Vermont,26844,ivie15@durgan.biz
267,vida41,Regina,Rolfson,"74543 Liston Lodge
New Isabellside, MT 40973",New Beulahland,NewHampshire,88000,jbeahan@stehrbraun.net
268,bridgette.fisher,Guido,Erdman,"445 McLaughlin Crossing Suite 722
South Catinastad, NJ 93233",South Anatole,Montana,25472-5591,bernhard.linton@gmail.com
269,allisson66,Orville,Conroy,"961 Mraz Cliff
New Armanimouth, MN 70343",Hartmannberg,Michigan,14983-2670,jacobson.debbi@yahoo.com
270,caren.satterfield,Whitney,Frami,"43862 Dooley Lodge Apt. 712
Lake Willardview, WV 66199",Boylebury,Florida,08795-7955,boyle.elisa@gmail.com
271,shuel,Paola,Ferry,"741 Braeden Landing
Hermannberg, FM 13897-2428",Port Gottlieb,NewMexico,35073,claudette48@yahoo.com
272,lavar.kozey,Khalid,McCullough,"768 Verna Junction Suite 863
Botsfordmouth, MO 16443",North Alvie,Colorado,64363,stehr.tawnya@jakubowski.biz
273,blanch.paucek,Jeane,White,"97653 Shayne Ford
South Shannenborough, ND 45079-9610",Olgastad,Arizona,63150-2012,greenfelder.maryanne@mooregrant.org
274,anjanette.roob,Tobe,Dietrich,"2402 Alesha Ranch Apt. 644
Port Othamouth, CA 81248-2706",Nashhaven,Oregon,31924-8330,jast.annamae@volkman.com
275,kkub,Amado,Dicki,"0322 Yundt Alley Suite 084
Mantechester, MA 57605",Lake Bowman,NorthDakota,35900,lylah25@kemmer.net
276,bode.marianna,Elliana,Legros,"064 Jensen Mews Apt. 432
Port Isidoreton, KS 11169",Veniceside,NorthDakota,64531,murl.kuphal@yahoo.com
277,lyndia88,Daxton,Hauck,"8403 Wuckert Ports
East Yulisa, AZ 09549-3501",West Zoramouth,Arkansas,10281,lroob@johnskoch.org
278,harley.johns,Sussie,Ritchie,"7269 Parker Pass Apt. 421
Pfannerstillland, SD 07802",Jobborough,Maryland,92453-6357,marely.prosacco@huels.com
279,dorothea.hyatt,Mckenzie,Leuschke,"360 Langworth Forge
Lake Zachery, WA 71605",Jasperview,NewJersey,75711-1612,wiegand.kent@hotmail.com
280,temmerich,Brenton,Schuppe,"5837 Lise Gardens
East Jilesmouth, PA 35608-1126",New Willard,Washington,32021,qbruen@hotmail.com
281,isamar.lowe,Emaline,Rath,"225 Brandie Locks Apt. 162
Brekkeborough, CA 89247-6228",Hassanfort,SouthDakota,07215-2856,arnoldo.watsica@hilpert.org
282,gasper72,Hurley,Kuphal,"748 Veum Highway Suite 358
Jacquesside, RI 49062-0852",South Sadie,Texas,94232-9026,tula38@kingswift.com
283,valentin92,Kaiya,O'Kon,"USNV Koelpin
FPO AA 19853",South Jennatown,Michigan,11016-5713,devontae.ohara@yahoo.com
284,whitney.welch,Marilynn,Little,"3952 Littel Station Suite 504
Wongton, NJ 08934-0225",Sipesstad,Nevada,68577,zariah.dickinson@gmail.com
285,ledner.arnetta,General,Graham,"3878 Nienow Ford
Lake Doyleberg, OR 26611",East Americafurt,NorthCarolina,30695,cristal70@boganturner.com
286,deborah48,Wayman,Feeney,"88481 Hirthe Camp Suite 118
Earlville, NH 52463-0939",Anjalimouth,Vermont,31282-2072,lissette.okuneva@swift.com
287,leoma.ebert,Jamiya,Ritchie,"305 Lish Unions
South Neryfurt, UT 30862",West Marloport,Arizona,09532,lgraham@gmail.com
288,gina.cummings,Lylah,Kihn,"323 Dayami Gardens
South Orriechester, ID 59311-6966",Reynoldsstad,Oklahoma,58243,aolson@zboncaktremblay.com
289,eddy.stiedemann,Littleton,Ankunding,"6799 Terese Fort Apt. 807
Wunschfurt, IN 05286",Lake Theolafurt,Hawaii,71297,lila99@ward.net
290,bgleason,Acie,Oberbrunner,"60687 Marianne Vista Apt. 900
West Bobbyfurt, GU 84862",North Alwildaside,Oklahoma,42239,sruecker@romagueragrant.net
291,fredy.orn,Hosea,Littel,"924 Beier Circle Apt. 854
Kazuotown, AK 91587-2419",Jamaalview,Michigan,78810-4216,oconner.cherie@gmail.com
292,hessel.viviana,Burdette,Purdy,"001 Cherryl Manor Suite 595
Genostad, MO 28362",Benjimouth,Oklahoma,92681-3781,jessie.armstrong@schimmel.com
293,ayla.mertz,Enos,Robel,"875 Treyton Trace
Dudleymouth, OH 43307",Handhaven,Delaware,29168-3724,abins@hotmail.com
294,gleason.ilona,Alannah,Crona,"2514 Dicki Turnpike Suite 632
Emmanuelfort, MT 40954",Harveyfurt,Nebraska,28957,legros.ole@hotmail.com
295,rosaria.witting,Nealy,Kunde,"8575 Ryland Shore
East Deontae, WA 48666",East Mack,Tennessee,97102,oconnell.eden@willsporer.biz
296,michell95,Ellamae,Quigley,"9698 Skiles Orchard
East Thurlowview, WY 69024-0152",Irineshire,Washington,70829-4261,boyer.tandy@ebert.biz
297,conrad77,Fannye,Zulauf,"2084 Elida Run Suite 313
Lake Brennenstad, HI 82719-9903",Eskerton,Iowa,39399,sonia.legros@dubuque.org
298,kihn.sherron,Kara,Blick,"7919 Immanuel Meadows
New Theodis, ID 15752-9947",Lake Rosendobury,Missouri,10174-4791,lavon.zemlak@hotmail.com
299,orrin52,Nevin,Littel,"38702 Weber Mews Suite 892
New Annabel, WV 13372-8983",Jaleelbury,NewJersey,39181,valorie.bruen@yahoo.com
300,srobel,Johana,Wilderman,"43873 Upton Mountain
Texannaberg, MO 40653",Parleyberg,Arizona,36762-3170,clangworth@kiehn.com
301,lawrance.thompson,Elsie,Nikolaus,"954 Lawson Ways Suite 777
South Pierreview, PW 50750",Ziemannmouth,Florida,61991-9463,beer.kelly@yahoo.com
302,dbashirian,Magdalen,Buckridge,"15442 Cummerata Underpass
East Irvabury, AZ 25983",Gleichnermouth,Georgia,82824-8907,zayne26@yahoo.com
303,zparisian,Durell,Gleichner,"829 Upton Island
Kaceymouth, ND 85839",New Gerhardton,Indiana,88833-3399,ohara.kaylen@lueilwitz.com
304,carina.hessel,Chantelle,Cronin,"78240 King Mountain Apt. 595
Lake Cannonmouth, IL 82145",Jastview,Iowa,39700-3054,willie.kutch@ornokon.com
305,blossom.grady,Becky,Lockman,"856 Weber Hills
Gorczanyport, RI 77845-9111",Ibrahimtown,Florida,83945,egleichner@gmail.com
306,ronny.tromp,Roma,McClure,"951 Desi Islands Suite 557
Mayertburgh, MS 79964",North Devantetown,Connecticut,03399,opacocha@gmail.com
307,huels.byrd,Amaya,Considine,"0239 Reilly Stream Suite 500
New Sharleen, CA 19874-8505",New Zoey,Florida,02106-7352,miranda.lindgren@rutherfordlebsack.com
308,little.shawn,Shalon,Wiza,"USNV Hyatt
FPO AE 64844-7434",Kertzmanntown,Alabama,66046-0458,louanna50@runte.biz
309,green.verena,Eddie,Lowe,"2706 Ankunding Estate Suite 775
Wisokyton, MH 34399",New Jefferson,Michigan,63652,qrunolfsson@oberbrunner.com
310,schimmel.kinley,Daulton,Prohaska,"251 Cleora Green Suite 406
Ellianamouth, VI 93101",West Keiferburgh,NewYork,83513-9114,beula65@mckenzie.com
311,stark.aurore,Virdie,Gerlach,"0601 Danita Mills Suite 138
New Lizeth, SC 20907-1706",South Junie,Georgia,95385,gwilliamson@gmail.com
312,bmurazik,Arletta,Sipes,"4347 Zeta Villages Suite 082
Trompmouth, AS 95230-7706",Schadenside,Ohio,34709,nmacejkovic@wisozk.com
313,meadow38,Imani,Kuphal,"PSC 0939, Box 4166
APO AE 83606",Schneiderburgh,Ohio,17333-2280,reece.stiedemann@hotmail.com
314,maribeth57,Gladis,Rau,"500 Travon Forges
North Cloyd, OR 46782-5694",Feestport,Massachusetts,84295-0598,percival23@haagaufderhar.com
315,isa20,Aarav,Carroll,"8233 Othel Lake Suite 135
Hansenberg, IA 67307",New Ivy,Arizona,00223,arlington46@dubuque.org
316,glynis.olson,Leonardo,Block,"7891 Juston Vista
East Sharonda, HI 09582-4693",Port Alzina,Virginia,44754-8119,lesley97@gmail.com
317,tory12,Rahsaan,DuBuque,"7334 Keyla Manors
East Rutha, FL 97009-5916",North Calista,Minnesota,67855-2608,gulgowski.lakesha@gmail.com
318,isa.waelchi,Stanislaus,Kuhlman,"34098 Hoeger Lights
Port Eustace, SD 86021-1946",Port Lorelei,California,84987,marcy.collier@schneiderklocko.com
319,hoppe.nevaeh,Alyce,Littel,"88864 Sandi Hills
West Jamie, KY 18595",North Dakota,Connecticut,73129-6161,nakisha98@barrows.com
320,dewey83,Khiry,Glover,"99181 Lakin Greens
Port Nona, NM 17107-4400",Port Burniceville,NewHampshire,75140-5176,braun.laura@abshire.com
321,diana.lehner,Othel,Armstrong,"1011 Orie Cliff Apt. 925
Kathernton, MT 97383-9328",Port Lamonttown,Pennsylvania,81313-4781,hermine77@berge.com
322,emilie.hauck,Kareen,Willms,"USNS Heidenreich
FPO AP 87930",Kimberleyton,Connecticut,81548-9198,runolfsson.ivana@gmail.com
323,heidenreich.virgil,Maci,Bernhard,"89361 Pratt Ranch
New Tiaraton, FL 62326",South Tollie,RhodeIsland,16196,fenton87@kutchrodriguez.info
324,zfay,Antonina,Reichert,"4715 Gillie Mission
South Wendy, TN 86548",East Maya,Kentucky,99267-3045,bosco.addie@wisoky.com
325,herzog.rillie,Son,Dooley,"41714 Garnet Shoals
Port Brayanstad, MA 36482",Lake Jayceeland,NewMexico,38970-9121,oturcotte@pollich.org
326,wanita.kunze,Kathrine,Haley,"PSC 4763, Box 4520
APO AA 90069-3240",Port Seymour,Maryland,36988-7741,kertzmann.ova@yahoo.com
327,mareli28,Roddy,Gleichner,"742 Roni Overpass Apt. 918
Lake Pearlefurt, PA 52710",South Branson,Maryland,04094,mertz.kristen@oreilly.com
328,stanton.birtie,Rondal,Kemmer,"8490 Marty Squares Apt. 407
Lefflerfort, MT 33359",West Joey,Michigan,84125,wbahringer@gmail.com
329,scrooks,Mossie,Mante,"55845 Lynch Mountain Apt. 266
Harlowfurt, VI 40460",Wardland,Kentucky,22626,meredith21@jewess.org
330,kuhic.cheri,Alvia,Abernathy,"53732 Len Glen
Reichelhaven, PA 57052",South Vickey,Maine,44009-4863,pwiegand@hotmail.com
331,bkling,Courtney,Block,"Unit 3579 Box 4960
DPO AA 01178-0906",New Tania,Georgia,95454-3317,harrie17@koelpin.com
332,schinner.flavia,Shelia,Osinski,"2660 Victory Route
Jaylanville, CT 59528",Reingerland,SouthDakota,18617,ohayes@yahoo.com
333,pfarrell,Waylon,Mertz,"362 Damaris Isle Suite 579
Grantview, MS 76631",Katrinaland,Louisiana,96564-4549,val.padberg@yahoo.com
334,barrie57,Mattye,Waters,"042 Lindgren Road Suite 460
North Tania, MS 69319",Diegoton,Arizona,32119-1629,vlesch@yahoo.com
335,aspen.romaguera,Jerrilyn,Heaney,"9844 Muller Way
Clarissaborough, PR 71768",West Mima,Oklahoma,99162,prohaska.alfie@yahoo.com
336,bernetta45,Vollie,Murray,"102 Hansel Turnpike
Lake Kelseyshire, MN 31367",Eichmannside,Nebraska,40391,norval.roob@gmail.com
337,okeefe.cleve,Nyah,Prosacco,"9313 Ryder Mountains
Keelington, VA 79262",West Lawrance,Nebraska,12574,mlittle@hotmail.com
338,anderson.nonie,Armani,Casper,"10861 Schumm Flat
Earnestineport, VT 33628-4089",West Demarcus,NorthCarolina,56049-4489,sporer.frances@dooleyrutherford.com
339,bwest,Natalya,Stiedemann,"5580 Mcarthur Prairie Apt. 769
North Reathaton, MA 27046",Wuckertmouth,Idaho,56121-8815,mayert.hildegard@hotmail.com
340,zelma.ziemann,Madaline,Zulauf,"845 Conn Dale
East Garnettburgh, CO 80661-4311",North Christyfort,Nebraska,26940,melodee.mills@yahoo.com
341,erlinda85,Ronin,Schmeler,"92903 Sipes Prairie
Vonmouth, IA 92750",Deandrafurt,Michigan,39652-6019,kilback.barnie@hotmail.com
342,rward,Mcarthur,Rippin,"32983 Flatley Station Apt. 047
Braedonshire, ND 76683",East Jaylen,Wisconsin,83854,zdeckow@hotmail.com
343,rowe.delma,Bynum,Dietrich,"01793 Concepcion Loaf Apt. 445
Ocieberg, MA 58857-2825",Johnstonborough,Maine,97017-5817,kerluke.keanu@hotmail.com
344,weissnat.carleen,Tate,Bartell,"172 Cummings Prairie Apt. 810
East Zeke, DC 23213",Lake Woodrow,SouthDakota,44989,enitzsche@breitenberg.com
345,orn.sylas,Antonina,Braun,"77311 Kreiger Neck Suite 367
New Lurline, FL 41732-0976",Lake Elissaville,Connecticut,92194,gorge.stiedemann@boreradams.com
346,caesar23,Burnie,O'Conner,"78356 Barton Shore
Prohaskahaven, GU 68586",New Antoine,NewMexico,48634,cortney.homenick@batz.com
347,beryl.klein,Ovid,Kunde,"08254 Rolfson Key Suite 711
Armstrongport, KY 07918-3969",Langoshtown,Wisconsin,21961-3340,heathcote.darcie@klingmaggio.com
348,lurena.reichel,Alysa,Goodwin,"126 Leffler Pines
Rasheedhaven, SD 40108-6265",Wuckertberg,Kentucky,27743-4627,rogahn.jacki@hotmail.com
349,kade21,Holly,Waelchi,"45558 Mayer Villages Suite 022
North Lilyfurt, GU 50256",Morissetteport,Louisiana,25874,else.powlowski@yahoo.com
350,valentin73,Herman,Wolff,"0305 Nathen Islands Apt. 784
New Kristofertown, VA 16830-1317",Williamsonfurt,Kansas,70953-4964,christine.auer@hotmail.com
351,hartmann.karie,Dennie,Raynor,"8706 Cormier Park Apt. 925
Lake Claudio, MH 21474",East Ardycehaven,Indiana,21708,velvet.veum@turcotte.net
352,handy.senger,Seaborn,Schaden,"14304 Steuber Loaf Suite 366
North Celiaberg, MP 95203",Port Clemmieland,Utah,54032-2195,makenzie.miller@gmail.com
353,velvet73,Kaitlin,Hartmann,"20244 Bogisich Mission
East Cleoneberg, GA 14802-5959",Reillyville,Utah,41556,byrd.wiza@gulgowskicarter.com
354,ccole,Capitola,Nicolas,"445 Schneider Rue Apt. 248
East Elainaville, NE 11654-3731",East Logan,Iowa,83158-2056,little.kenton@hotmail.com
355,daugherty.nola,Annette,Stracke,"887 Harl Creek Suite 606
Lake Deliahchester, NV 55893",Stokesburgh,Nebraska,06384-6492,smosciski@kemmer.com
356,vwyman,Pryor,Dibbert,"109 Nolan Orchard
Beatrizfort, KS 52943-0453",Glendoraburgh,Iowa,16639-2371,ghoppe@volkmancormier.com
357,reed23,Albion,Beahan,"7254 Hodkiewicz Knolls
Zelphachester, WY 57322-9262",Ritchietown,Kansas,41407,devin08@feestwolf.biz
358,lisandro60,Louie,McCullough,"1169 Sister Villages Apt. 743
Lake Washchester, TX 93325",South Nealie,NewHampshire,42489,chancy.bartell@yahoo.com
359,turner.ollie,Lemuel,Skiles,"46122 Padberg Motorway Suite 167
New Tiannafurt, LA 26631-8272",Blandaberg,Alabama,56405-7926,myranda.abshire@reynolds.com
360,alto.hyatt,Bird,Wilkinson,"04807 Reinger Cliffs
Darianport, KY 92696-1152",Haleychester,Illinois,77784-8909,gee.koepp@flatley.com
361,murazik.arlie,Silvester,Lindgren,"3277 Brandy Ford Suite 412
New Delpha, ID 77927",Ottiebury,Minnesota,41035,fay.khalilah@mills.com
362,kazuko.klocko,Rossie,Kirlin,"880 Darcy Land Suite 280
West Alexandeport, NY 00729-3984",Konopelskiville,Michigan,28029,xlangworth@morissettebrakus.info
363,ernser.destinee,Rowan,Weber,"326 Neppie Place
Lake Fatimaville, GA 01001-0369",Marcelloton,NewJersey,62646,ortiz.shaunna@hagenes.com
364,valerie31,Scarlett,Schmeler,"5476 Lucinda Alley Apt. 992
Watsicaburgh, MS 32452-5272",East Bunk,Hawaii,26432,marietta.jewess@yahoo.com
365,cschamberger,Kieran,Klein,"161 Monahan Spur
Hahnport, ND 18260",Bruenport,Maryland,99034,jajuan18@yahoo.com
366,isabell.frami,Arley,Bernhard,"865 Steuber Course Apt. 136
East Male, KY 12386",Lake Artie,Oklahoma,86972,amos.armstrong@daughertyhilpert.org
367,melony.rodriguez,Davin,Schulist,"366 Maximo Stravenue
Katharinahaven, OH 48434-8124",Port Burlfort,Nevada,58660,mckenzie.effa@sipesorn.com
368,fhermiston,Kraig,Jacobs,"87525 Lita Roads
South Bryton, WV 74831",Ansleytown,NorthCarolina,02750-9701,nelia45@gmail.com
369,tayla.veum,Gigi,Lynch,"2600 Rosanna Lock
Schusterfort, OH 13732",Caseyshire,Massachusetts,26856,koepp.damari@gmail.com
370,rolfson.gifford,Abigale,Abshire,"8254 Gretchen Island Suite 285
Robelmouth, VA 59102-7021",Reichertland,NewMexico,23772,denise33@brown.org
371,batz.lavonda,Chyna,Hintz,"08844 Ala Fork
West Jaidenmouth, NC 10255",Nimport,Maryland,37438,schroeder.wallace@considinejacobson.com
372,isaiah47,Lucille,Will,"116 Beahan Square Apt. 984
Champlinchester, MA 28270",Marcelineshire,Florida,37418,kayleen31@graham.com
373,buford.gutmann,Eola,Turner,"PSC 5387, Box 3382
APO AP 91608-1159",Runolfssonmouth,Colorado,73886,sawayn.dionicio@yahoo.com
374,mckenzie.hayes,Kanye,Fahey,"27434 Emiliano Pike Suite 683
New Bobbimouth, AS 05515-3669",Port Dianaburgh,Hawaii,82836-9738,marcelino32@gmail.com
375,goodwin.albina,Evia,Dickens,"34812 Jesenia Mews
East Dillion, VT 91675-9036",North Dottieshire,Oklahoma,01297,qgorczany@ryan.biz
376,fyundt,Drury,Ernser,"1848 Koss Passage Apt. 131
Hueyberg, NE 51143",West Channing,Texas,37359,vgleason@schmitt.com
377,bryce33,Naoma,Kihn,"61501 Braden Common
Lehnermouth, CA 09103-8243",New Alphons,NorthDakota,91870,aryan@gmail.com
378,qtillman,Gage,Runolfsdottir,"50055 Nevaeh Square Suite 464
North Nyasia, KS 80766-4075",Muellerview,Oklahoma,68866,ciji15@hotmail.com
379,efrem26,Berlin,Reichel,"7781 Emmerich Unions Apt. 649
Brittfurt, DE 78346-6094",South Annabell,Tennessee,14865,bsipes@rosenbaumwisoky.net
380,brakus.sheilah,Bush,Hahn,"126 Orris Square
Lake Ammaview, SC 69288",Hansfordside,Arkansas,82564,auer.justina@jenkins.info
381,nikolaus.abner,Kaela,Dickinson,"USCGC Upton
FPO AE 59308-7600",New Gabriella,Washington,61844,pfannerstill.jaleel@mcdermottgusikowski.biz
382,considine.liana,Taraji,Klein,"Unit 9534 Box 7061
DPO AE 23232",McKenzieborough,Colorado,54302,jovanny06@hotmail.com
383,lamarcus92,Jensen,Keeling,"Unit 0825 Box 7454
DPO AE 63262-1742",Oberbrunnerburgh,Maryland,55562-7129,bbradtke@konopelski.net
384,kessler.audrina,Era,Bernier,"58508 Dariana Springs
Bashirianview, NY 87853-5782",Alisabury,NorthCarolina,87971,raoul85@yahoo.com
385,darby60,Alyce,Wisozk,"26229 Kendra Expressway Suite 004
North Freidafort, GA 78778-0488",Taraport,Alaska,86768,ileffler@lednerhermann.com
386,darren86,Jeryl,Emmerich,"7641 Wiegand Place Apt. 949
Krisside, FL 83565",Gleasonport,NewJersey,20726-8682,vassie.casper@jast.com
387,randolf.hilpert,Betsy,Sipes,"326 Thompson Crescent
Jantown, MI 67111",Lake Janycemouth,Pennsylvania,85125,claudius.jacobson@langworth.biz
388,dallas24,Kaliyah,Hoeger,"898 Boehm Circles Apt. 609
West Mitchellborough, NY 65655-1861",West Florrie,Texas,12826-2474,antwan.bode@rosenbaumlarkin.org
389,gregory65,Ninnie,Glover,"863 Denis Mission
Mannton, NM 85339-2495",Ivonnetown,Mississippi,44720-7711,messiah.mills@wyman.com
390,cappie.wisoky,Candice,Emard,"2202 Bette Coves
Shelvaburgh, NJ 62337",Giuseppehaven,Florida,25114-6601,turner.albertine@gmail.com
391,loring.friesen,Celie,Hauck,"62485 McLaughlin Cape
Angeliabury, NE 90294",West Ted,Montana,51306,dgoyette@hotmail.com
392,oberbrunner.antwain,Rutha,Brown,"82808 Dare Valleys Apt. 764
Shaniquaview, ND 04874-8346",New Jeanmariebury,Mississippi,70330-1224,wylie.nienow@gmail.com
393,randell47,Inga,Stiedemann,"1448 Melvina Neck
Lake Iva, GA 69833-2698",East Caitlin,SouthCarolina,11243,hoppe.nick@willms.com
394,ymueller,Rillie,Lehner,"83066 Nicklaus Ferry
South Pepper, HI 89296-5722",Reillyburgh,Maryland,34101-8454,rosalyn67@yahoo.com
395,haywood.vonrueden,Tawanda,Cartwright,"3108 Jasmyne Locks Apt. 490
Leschburgh, ID 83870-6921",Kerlukeville,Arizona,27878,marrion59@homenick.org
396,rice.joette,Suzette,Ratke,"89498 Orn Loop
Bodemouth, ME 18130",Port Carrol,Alabama,71885,caron30@yahoo.com
397,monahan.albion,Trudy,Hills,"Unit 4370 Box 4041
DPO AE 97854",Goodwinburgh,Georgia,11428,lazaro.grant@hotmail.com
398,grisel.kassulke,Pairlee,Schroeder,"1783 Shirlene Crest Apt. 865
Lakinborough, PR 08972",Carrolville,Missouri,41299-6536,dorthey65@yahoo.com
399,darold87,Millicent,Borer,"6685 Bogan Garden
New Meghannborough, IA 22321",Lake Illaport,Nebraska,77885-0954,aconsidine@cartwright.com
400,pollich.devan,Dorris,Green,"31233 Breitenberg Shores Apt. 179
Dibbertmouth, ND 71701",Peggyside,Georgia,87673-2267,mitchell.electa@klocko.com
401,zona.smitham,Theodis,Orn,"39467 Kuhn Divide Apt. 007
Port Carlyville, OK 74060",North Camrenfurt,Delaware,70574,boyle.lashunda@yahoo.com
402,ankunding.clarnce,Rianna,Nikolaus,"41072 Deante Knoll
West Irelandville, AK 63427",East Salena,Utah,92307,ymorissette@williamson.com
403,alisson.larson,Cleo,Marks,"784 Mckenna Station Apt. 614
North Verl, WV 12047-6100",East Emoryberg,Delaware,38012-4438,koelpin.dola@torpchristiansen.info
404,serenity57,Krissy,Volkman,"214 Ingeborg Lodge
Sawaynmouth, FM 52578-1993",North Danielatown,Louisiana,74020-7855,xherman@blandakunze.com
405,mccullough.samie,Namon,Lynch,"374 Delila Gardens
Phylisfort, HI 49805",East Inellview,Louisiana,64647,dominique.ryan@gmail.com
406,zemlak.link,Brandi,Kozey,"2045 West Corner
West Palliefurt, GA 86462-0210",New Aliciaside,WestVirginia,79599-6204,jabari85@leannon.org
407,brittnay35,Gaye,Prosacco,"281 Levi Station
North Francinaville, MP 33285-4432",North Demario,RhodeIsland,67099-8029,langworth.murry@gmail.com
408,lara.jenkins,Leigh,Jewess,"86817 Nohely Divide Apt. 369
Brandynberg, MA 38766",East Tremaynefurt,Florida,29304,lenny99@jacobi.com
409,uraynor,Deetta,Rutherford,"90219 Icy Summit Apt. 279
Lake Sandiberg, NH 39163",Kassulkefurt,NewYork,34826,andra.yost@emardoreilly.com
410,calvin.paucek,Mace,Terry,"1638 Marvin Trail
New Berry, AL 28629",North Cailynberg,NewYork,38132-2739,idell.kunde@gmail.com
411,deckow.cherelle,Elwood,Kovacek,"89715 Lawrence Lock
North Alekmouth, RI 16502",O'Reillyside,Maine,96767,green.sharon@lindgren.info
412,savion63,Dorotha,Bednar,"48835 Loy Row
Lake Ernestine, CO 86313",Port Ina,Michigan,66678-3466,bahringer.othel@abbottgaylord.com
413,kayson.schneider,Casimer,Krajcik,"8182 Chalmers Rue
South Shennashire, IN 80185-3324",Lake Jasmin,Ohio,09963,shaquan.gislason@jerdehane.com
414,elisabeth.rempel,Launa,Walker,"8936 Lakesha Views Apt. 036
Lake Latosha, ME 51513-3451",Weissnatville,Arizona,61887,amurazik@hotmail.com
415,hilll.ferman,Carson,Armstrong,"630 Jaxen Path
Corwinview, TN 97284",Spencerfurt,Oregon,57466,wjerde@steuberpadberg.com
416,hope30,Stanton,Denesik,"8552 Treasure Extension Suite 790
Darehaven, MH 78597",North Kelsey,Georgia,66133-3198,grady.williams@gmail.com
417,raynor.evelin,Morton,Leannon,"026 Adin Fork
Kamdenborough, MO 21151-9247",Stanislausland,Florida,91648,cpacocha@cole.com
418,nevin85,Dino,Quigley,"047 Caitlyn Forest Apt. 823
Machellefurt, ID 52985-2750",Lake Perryberg,Wyoming,00575-8387,hintz.marleen@breitenberg.biz
419,xroberts,Pandora,Vandervort,"985 Sylvia Shoals Suite 306
Port Hadley, MH 29472-0546",Elijahfurt,NewYork,12515,yabbott@yahoo.com
420,von.eddie,Earlie,Koepp,"4187 Joshuah Centers Suite 179
Shelviatown, GU 66207",Maggiochester,NewJersey,57289,gerhold.cale@leffler.info
421,mcclure.lakisha,Coleton,O'Reilly,"Unit 0093 Box 4097
DPO AP 75733-7606",Port Ebb,Georgia,57889,marc.waters@gmail.com
422,ybotsford,Kaleena,Gleason,"120 Tomie Row
Helgamouth, OH 13629",West Olivine,Minnesota,92421,aufderhar.elza@gottliebklocko.com
423,vita76,Jerrica,Wisozk,"11178 Gutmann Parks
New Winthroptown, MS 13012",Carissamouth,California,36391-7282,bergstrom.deanna@yahoo.com
424,flo89,Elizebeth,Borer,"852 Rudolfo Plaza Apt. 837
South Dayanaborough, GA 49043-8239",New Berdiestad,NorthCarolina,91091,deven92@walsh.com
425,johns.moody,Anjanette,Kuphal,"7817 Breitenberg Shores Apt. 049
Iverberg, AK 14328",Lake Tatiana,Louisiana,48224,hcarroll@bogisichjacobson.net
426,omclaughlin,Cosmo,Rempel,"13128 Fredie Junction
Port Toshiko, NH 35536",New Lailaborough,Nevada,79131,mohr.erma@gmail.com
427,fmoen,Larissa,Hodkiewicz,"87176 Abagail Manors Apt. 020
Danniefort, NY 11449",Port Arianaland,Nevada,38407,jimena96@yahoo.com
428,weimann.liz,Charlene,Daugherty,"2872 Swift Brook Suite 898
New Kimberlybury, SD 13337",West Mossie,RhodeIsland,04338,lindgren.garold@yahoo.com
429,sstroman,Joetta,Keeling,"89125 Kutch Rest
Durganmouth, NM 68679-6231",Rauton,Oregon,71297,ecormier@yahoo.com
430,mhyatt,Rose,Harber,"34620 Makala Forks
West Claribelmouth, DE 92271-6934",East Dontaeberg,Idaho,26722-2638,rwiegand@yahoo.com
431,ejast,Deena,Cronin,"53852 Schinner Station Apt. 648
Port Huey, NE 10381",West Lonie,Maryland,57903-4609,kennedy.kshlerin@gmail.com
432,sfadel,Vertie,Nienow,"208 Ronnie Ridge Apt. 486
Vivianfort, PW 37273",Haskellborough,NewHampshire,80490-4794,heathcote.tamera@stanton.com
433,octavius.crooks,Beda,Leffler,"6249 Felicia Radial Apt. 958
Stiedemannfurt, NE 46158-3205",Alvinchester,Minnesota,63212-4868,china.oreilly@wintheiser.info
434,lhilpert,Jesus,Satterfield,"57561 Dontae Highway Apt. 564
Nienowstad, NE 24379",South Maevetown,Hawaii,47256-7183,tressa.botsford@connelly.com
435,olangworth,Lenore,Kshlerin,"571 Quitzon Drive
North Lauriland, ID 44350-4919",Sherwoodmouth,Delaware,46765-7667,smitham.irva@gmail.com
436,oberbrunner.jaslyn,Nico,Connelly,"721 Kunze Path Suite 652
East Davina, NH 07942",North Barrettmouth,WestVirginia,86719,koepp.nehemiah@denesik.com
437,laverne34,Jettie,Zboncak,"8329 Aidyn Estates
Reynoldsbury, MA 14883-1137",Jacobsonstad,NorthDakota,24711,alcee.hilpert@metzwillms.com
438,javen.muller,Chaya,Hills,"103 Lemke Prairie
Lelahburgh, TN 32049",New Brain,Oregon,60321,lowell50@dietrich.com
439,beier.rupert,Dilan,Denesik,"02687 Benita Gateway Apt. 994
South Meganside, NH 19158",Lake Lonzoville,Georgia,17539,egrimes@gmail.com
440,bernhard.alina,Besse,Hilll,"42909 Bogan Junctions Suite 390
Trompburgh, RI 29746-0188",Adeleport,Idaho,76199-0885,adams.cornelious@yahoo.com
441,jayde.hermiston,Millicent,Stoltenberg,"799 Blair Bypass
Loweborough, OH 09208",Donnellyborough,SouthDakota,70599,beier.chandler@rowe.info
442,bauch.joselyn,Sharday,D'Amore,"0038 Koepp Plain
Lavondaborough, PR 95710",Doniefort,Florida,78577-0098,anika69@hotmail.com
443,mavis82,Mylie,Senger,"Unit 2666 Box 1413
DPO AE 10591-6758",West Gabriela,Delaware,93441-3712,dframi@gmail.com
444,derick.weber,Vic,Glover,"Unit 0911 Box 1477
DPO AA 61701",Lake Carmelaside,Pennsylvania,69464,watsica.flonnie@yahoo.com
445,peyton.muller,Carmen,Harvey,"560 Medhurst Oval
Lake Everetport, AR 09321-3307",Port Rex,Texas,06823-2794,udach@mcculloughschulist.com
446,moore.viva,Lota,Ward,"288 Damarion Cape
Arnulfoborough, MT 99380",West Clayton,Massachusetts,66120-3750,jude.ernser@lebsackschamberger.com
447,ethyle.greenholt,Lenna,Jones,"75888 Daryl Burg Suite 215
South Olieburgh, VA 59583",West Thaddeusborough,Michigan,45814,graves.bergstrom@brownschumm.com
448,guy21,Elmira,Erdman,"3887 Taft Mall Apt. 032
New Grayceborough, AZ 10537-3566",Port Yoel,Virginia,72474-8961,weissnat.ruthanne@koepplebsack.com
449,gayla.robel,Amarion,Hickle,"434 Anjali Streets
Quitzonville, NH 92433-6165",New Lilyannashire,NewYork,19891-0480,maybell48@buckridge.net
450,rbrekke,Kerrie,Reinger,"358 Whitney Plains
Raynormouth, VI 44547",Stoltenbergland,Kansas,77228-2191,iconnelly@hotmail.com
451,celestia.kozey,Algot,Rau,"PSC 0981, Box 4514
APO AE 87090-4972",Waelchihaven,Ohio,47222,adelyn53@purdyrogahn.com
452,ebotsford,Tito,Mayert,"03524 Brekke Trace Apt. 490
North Felecia, UT 87082",North Nathaliechester,NewHampshire,39110,lavonia72@windlerondricka.info
453,wwilkinson,Jodie,Kirlin,"221 Tomas Fork
West Nicola, OH 75943-7006",East Liam,NewJersey,97273-8313,ebbie.hilpert@corkery.com
454,erasmo89,Hall,Auer,"598 Mayert Street Suite 782
East Debrahland, ID 07847-8208",Oswaldland,Alabama,19290,janet.howell@kassulkebashirian.com
455,dilan.feil,Delmas,Okuneva,"1253 Haley Inlet Suite 278
West Gilmore, IA 77695-7434",Reichertmouth,Wisconsin,30538-9185,haylie22@gmail.com
456,rogelio.eichmann,Lyric,Haag,"240 Runolfsdottir Plain Suite 744
West Betsyside, MP 16643",North Ottiliastad,Wyoming,79650,chaya.heidenreich@hotmail.com
457,elzada09,Lucius,Herman,"4707 Katharyn Ford
East Jordinborough, NH 45143",North Vanesa,California,65701,gurney48@lowe.org
458,marks.oris,Dylan,Romaguera,"Unit 3768 Box 5532
DPO AE 27716",Wintheiserbury,Mississippi,50952-3061,tremblay.lelia@hotmail.com
459,ryley25,Immanuel,Predovic,"099 Lisle Hill Suite 920
Kutchmouth, CO 96570",Lake Raphaelborough,Wisconsin,92242-9759,howell.kalen@hotmail.com
460,nikki54,Jocelyn,Pacocha,"618 Spinka Trail
New Modena, MT 29963",Prosaccofort,Georgia,91790,doloris.feil@terry.org
461,koby.quigley,Eustace,Mohr,"USNV Cummerata
FPO AP 33107-9136",South Naomiberg,Michigan,89891,eruecker@kreiger.com
462,moore.tyreke,Gretta,Fadel,"85980 Pouros Point
South Amparohaven, GU 12156-5157",North Brendaview,Utah,48762,barrows.farah@yahoo.com
463,wreinger,Zoey,Durgan,"90195 McDermott Inlet
Torptown, NH 60034-2128",Bayerside,Vermont,59036-6615,adelle.deckow@runolfssonterry.com
464,elroy.king,Morris,Mosciski,"11535 Edrie Parks Suite 731
North Yasmeenshire, CO 30361",East Prentice,Louisiana,06372-3285,dora.crooks@hotmail.com
465,williamson.josefa,Adella,Feil,"USCGC Treutel
FPO AP 08427-8443",South Joselin,Kansas,86821,njast@loweparker.biz
466,obednar,Benito,Ryan,"34204 Jenkins Bridge Apt. 435
Haleystad, MO 77889",South Brigid,Massachusetts,42881,hleannon@yahoo.com
467,brielle.sanford,Robin,Daugherty,"1897 Wisozk Wells Apt. 861
Kristashire, TX 22349",Rochelleburgh,Montana,47816-3289,mills.rod@hotmail.com
468,rmiller,Emma,Bradtke,"30989 Green Causeway Apt. 252
South Armaniton, NC 79395-4909",Bruenton,RhodeIsland,29077-3722,bethann.strosin@mayereichmann.org
469,pearly64,Tyrik,Roob,"148 Williamson Lights Apt. 991
Hailiehaven, GA 59265",Hesselfurt,Indiana,65438,ardelia81@gmail.com
470,goyette.cordelia,Thornton,Maggio,"10802 Walker Valleys
Greenfelderport, KS 42336",Mosestad,Florida,14602,bogisich.rubye@gmail.com
471,enrique88,Maryellen,Marquardt,"200 Dusty Club
Port Armsteadmouth, VI 98855",Katlynshire,NorthCarolina,42640-2948,zieme.tomas@yahoo.com
472,kirlin.rodger,Bird,Fay,"11293 Clair Union Apt. 052
Rempelland, WY 59601-5503",West Justenburgh,WestVirginia,18756,jelani.rath@durganweimann.com
473,ullrich.eleonore,Lars,Effertz,"445 Huel Forge
Port Ardathland, OR 04302-6809",Lake Whitneyside,Maine,69933,gregorio.osinski@hotmail.com
474,mary.romaguera,Enola,Erdman,"Unit 2319 Box 3138
DPO AA 40345",South Benton,Ohio,63926-8030,aditya60@hotmail.com
475,hall30,Loren,Beier,"PSC 3262, Box 7365
APO AE 55302",Augustuston,Utah,46137,watsica.charla@yahoo.com
476,foster33,Rosendo,Ferry,"99907 Cole Squares
East Trista, TN 67993",New Nevaehhaven,Iowa,07269-7190,merwin87@botsfordfarrell.com
477,amccullough,Flonnie,Wiza,"63134 Kimberly Well Apt. 970
North Leilani, PW 05237-0304",Rainaview,Alaska,52421,bee.torphy@gmail.com
478,stacy96,Pluma,Hoppe,"50830 Candace Fords
North Dakotah, ND 27827",Krisside,Arizona,07131-8627,juliann.hand@bartoletti.com
479,raegan24,Dallas,Torp,"891 Baumbach Shoal Apt. 334
New Patriciatown, SD 19647-6030",Tieshaberg,Pennsylvania,77876,zkozey@hotmail.com
480,rath.jarrett,Ami,Stroman,"73329 Ferry Plains Apt. 230
South Cornelious, AS 93558-8324",West Jaylin,Mississippi,83182-8877,zlockman@nader.info
481,kbayer,Leaner,Stroman,"018 Gorczany Manor
Davisville, CT 51592",Kassandraborough,NorthDakota,09202,corn@weber.net
482,gannon.metz,Jamison,Beahan,"823 McDermott Extension Suite 160
Lake Lott, VT 43845",South Masaoview,Connecticut,95153-1312,hoeger.nathanial@yahoo.com
483,quentin.mohr,Sierra,Fisher,"5586 Ryan Inlet Suite 580
Lake Fidel, MA 66675-8025",Kimberleeton,Missouri,60530,bernhard.billie@hotmail.com
484,feest.alyse,Zaire,Graham,"51750 Huel Park
South Geofurt, OK 40910-9510",Kuhlmanstad,NorthDakota,55341-8652,festus55@hotmail.com
485,jake.bernhard,Iva,Carroll,"116 Prohaska Glen
Lonimouth, IA 34798-7954",Port Garrisonview,NewJersey,76872,lurline.goyette@weber.net
486,zona33,Ewald,Hane,"10264 Colonel Rapids
South Lilahtown, AK 35398",East Forrestville,WestVirginia,38719-1796,lonnie69@gmail.com
487,delilah53,Kalene,Champlin,"933 Lovisa Turnpike Apt. 236
East Stanleyside, SD 82279-3168",Larymouth,Wyoming,20388-0126,urijah81@hotmail.com
488,ura92,Ritchie,Jacobs,"13714 Shamika Lock Suite 510
New Jesus, ND 42946",East Jesus,Maryland,96025,murl27@frami.info
489,seymour14,Maximiliano,Dickinson,"738 Brenna Parkway
East Laverne, MP 89081",Lake Duard,California,74090-1489,kiehn.delia@gmail.com
490,joselin75,Louvenia,Boyer,"44956 Nena Ford
Schaeferside, AL 85505-1596",New Jolineburgh,Colorado,22606,miesha.durgan@hotmail.com
491,constance.bradtke,Pascal,Hamill,"87796 Alanzo Turnpike Apt. 908
Cartershire, WA 67575-6223",West Lawyermouth,Florida,14127,grobel@gmail.com
492,thompson.shane,Amos,Wehner,"PSC 3705, Box 7410
APO AA 92492-6182",Guidoville,NewHampshire,99288,lorelei40@kihnweissnat.info
493,humberto56,Madisen,Nicolas,"Unit 6063 Box 0876
DPO AP 23066-8836",Auerborough,Delaware,95508,bobby39@reichert.net
494,earlie.harvey,Betty,Hilpert,"14638 Stiedemann Union
Port Reggiefurt, TX 23687-8957",Harlieville,Louisiana,06248,rgerlach@hotmail.com
495,kiehn.monty,Moe,Connelly,"215 Stoltenberg Green
Lockmanstad, IN 26885",West Simona,Maryland,07082-4990,dooley.rolland@brekke.com
496,vziemann,Donavon,Bechtelar,"916 Eugenie Grove Apt. 896
South Roby, MN 92850-0078",Keeblershire,Nevada,13429,rau.chanda@walshfritsch.com
497,mstamm,Cherie,Marks,"14017 Javen Cove
Kozeyview, MN 87145-4253",Lake Andy,NewJersey,39043-0885,hgreenholt@yahoo.com
498,oliver.braun,Dedrick,Murray,"73608 Kozey Extension
West Sybleland, CA 13166-2644",East Beverly,NewHampshire,88046,durwood04@faheywyman.com
499,sdonnelly,Wayne,Borer,"14912 Samuel Inlet Apt. 369
Klingstad, AK 69867",Strackeville,Nebraska,89143-4660,jaskolski.tatsuo@batzwatsica.com
